,LightGBM,CatBoost,XGBoost
Safety,1.5,0.7285714285714282,0.15
Performance,0.225,2.25,1.9784374900702235
Efficiency,2.0,0.5437466566812954,0.2
Manufacturability,2.4222290681110517,0.25,2.5
Compatibility,0.175,1.75,1.150818891261225
