,LightGBM,CatBoost,XGBoost
Safety,1.75,0.8499999999999995,0.175
Performance,0.2,2.0,1.7586111022846431
Efficiency,2.25,0.6117149887664572,0.225
Manufacturability,1.4533374408666309,0.15,1.5
Compatibility,0.25,2.5,1.6440269875160358
