,LightGBM,CatBoost,XGBoost
Safety,1.75,0.8499999999999995,0.175
Performance,0.15,1.5,1.3189583267134823
Efficiency,2.0,0.5437466566812954,0.2
Manufacturability,2.4222290681110517,0.25,2.5
Compatibility,0.225,2.25,1.4796242887644322
