,LightGBM,CatBoost,XGBoost
Safety,2.0,0.9714285714285711,0.2
Performance,0.15,1.5,1.3189583267134823
Efficiency,2.25,0.6117149887664572,0.225
Manufacturability,2.4222290681110517,0.25,2.5
Compatibility,0.175,1.75,1.150818891261225
