,LightGBM,CatBoost,XGBoost
Safety,1.75,0.8499999999999995,0.175
Performance,0.2,2.0,1.7586111022846431
Efficiency,1.5,0.4078099925109715,0.15
Manufacturability,2.1800061612999464,0.225,2.25
Compatibility,0.25,2.5,1.6440269875160358
