,LightGBM,CatBoost,XGBoost
Safety,2.25,1.0928571428571423,0.225
Performance,0.175,1.75,1.5387847144990627
Efficiency,2.0,0.5437466566812954,0.2
Manufacturability,2.4222290681110517,0.25,2.5
Compatibility,0.15,1.5,0.9864161925096214
