,LightGBM,CatBoost,XGBoost
Safety,2.0,0.9714285714285711,0.2
Performance,0.15,1.5,1.3189583267134823
Efficiency,1.75,0.4757783245961334,0.175
Manufacturability,2.4222290681110517,0.25,2.5
Compatibility,0.225,2.25,1.4796242887644322
